Feature,Importance
num__Tenure Months,0.0791330346386212
num__Total Charges,0.07331176914044946
cat__Contract_Month-to-month,0.05264848367559807
num__Monthly Charges,0.04574484059873453
cat__Online Security_No,0.03780636549240276
num__Zip Code,0.03404149612435697
cat__Dependents_Yes,0.03022506629251734
cat__Internet Service_Fiber optic,0.030002288889522978
cat__Tech Support_No,0.028460012836781533
cat__Dependents_No,0.02578600707549827
cat__Payment Method_Electronic check,0.024764863877243914
cat__Contract_Two year,0.02456322666297691
cat__Online Backup_No,0.02233685249039707
cat__Internet Service_DSL,0.017581499583961966
cat__Contract_One year,0.015588006838014421
cat__Online Security_Yes,0.015322447902527724
cat__Device Protection_No,0.014622721736929743
cat__Tech Support_Yes,0.014161036212634507
cat__Paperless Billing_Yes,0.013313832876374894
cat__Paperless Billing_No,0.011177535378606301
cat__Device Protection_No internet service,0.009147782099267442
cat__Payment Method_Credit card (automatic),0.008966577593167978
cat__Online Backup_Yes,0.008700110596470518
cat__Internet Service_No,0.008563766286267904
cat__Partner_Yes,0.008442114400980154
cat__Partner_No,0.007756927862549207
cat__Payment Method_Bank transfer (automatic),0.00774413423314853
cat__Online Security_No internet service,0.007666677442012551
cat__Streaming Movies_No internet service,0.0074262873268920605
cat__Senior Citizen_No,0.007347417665676963
cat__Device Protection_Yes,0.006937364128328721
cat__Senior Citizen_Yes,0.006907156424406927
cat__Streaming Movies_No,0.006859210241311554
cat__Multiple Lines_No,0.006812287758900346
cat__Tech Support_No internet service,0.006713650574588275
cat__Streaming TV_Yes,0.006476552605063654
cat__Streaming TV_No,0.006435170925475109
cat__Multiple Lines_Yes,0.0060982978286332505
cat__Gender_Female,0.006031605977808793
cat__Gender_Male,0.005991103400371996
cat__Payment Method_Mailed check,0.005779923350185863
cat__Streaming Movies_Yes,0.005563435246780484
cat__Streaming TV_No internet service,0.0055311881981002144
cat__Online Backup_No internet service,0.005042246692654401
cat__City_Los Angeles,0.004547975400551237
cat__City_San Diego,0.0032772754631947318
cat__Phone Service_No,0.0028875664255418572
cat__Phone Service_Yes,0.0028622369054989607
cat__Multiple Lines_No phone service,0.002743037125440598
cat__City_San Jose,0.0023854749196712917
cat__City_Sacramento,0.0021505987063086935
cat__City_Glendale,0.0020952289073558074
cat__City_San Francisco,0.0016328911188748215
cat__City_Fresno,0.0014927139696078694
cat__City_Santa Barbara,0.0014576233562134764
cat__City_Long Beach,0.0013742339126020134
cat__City_Oakland,0.0013164911265617092
cat__City_San Bernardino,0.0012363095490847506
cat__City_Santa Rosa,0.0011477062790505033
cat__City_Fremont,0.0010900566332184597
cat__City_Smith River,0.0010747049674861117
cat__City_Modesto,0.0010416082536738244
cat__City_Pasadena,0.001030822676515293
cat__City_Whittier,0.0009367545776476829
cat__City_Bakersfield,0.0009054452605802548
cat__City_Running Springs,0.0008934178105552689
cat__City_Chula Vista,0.0008728579804616021
cat__City_Elk Grove,0.0008479120515083422
cat__City_San Dimas,0.0008467984576680568
cat__City_Stockton,0.0008259106222657896
cat__City_Huntington Beach,0.000820374893923648
cat__City_Dunnigan,0.0008033299957515966
cat__City_Clarksburg,0.0007624122848616821
cat__City_Pilot Hill,0.0007577981059447975
cat__City_Brea,0.0007409270948350924
cat__City_Hayward,0.0007336211622133327
cat__City_Riverside,0.0007013385524915872
cat__City_Piru,0.000685735081103458
cat__City_Santa Monica,0.0006841763694235152
cat__City_Daly City,0.0006818690635760243
cat__City_Visalia,0.0006685396248848405
cat__City_Montague,0.0006653874705402268
cat__City_Woodland,0.0006623065794882219
cat__City_Fullerton,0.0006614946670794195
cat__City_Berkeley,0.0006528288212412521
cat__City_Palomar Mountain,0.0006503563900921381
cat__City_Tujunga,0.0006470769563764112
cat__City_Templeton,0.0006432456266814147
cat__City_Happy Camp,0.0006368261867545415
cat__City_El Monte,0.000636627023837946
cat__City_Santa Ana,0.0006250738216880114
cat__City_Pauma Valley,0.0006170860348644391
cat__City_Torrance,0.0006044796463318159
cat__City_Ontario,0.0006012076808599091
cat__City_Amboy,0.0005951767464710503
cat__City_Lakewood,0.0005951019991797141
cat__City_Emeryville,0.0005882409413337477
cat__City_Bradley,0.0005861080906569845
cat__City_Oceano,0.0005818718753486408
cat__City_Lemoore,0.0005800386481932987
cat__City_Desert Center,0.0005791489489147477
cat__City_Pomona,0.0005788672007381399
cat__City_Seal Beach,0.0005782608290760725
cat__City_Palmdale,0.0005772085499907388
cat__City_North Hollywood,0.0005749582550486857
cat__City_Oceanside,0.0005662010590056183
cat__City_Carlsbad,0.0005606259146830839
cat__City_Mckinleyville,0.0005572122166749261
cat__City_Avenal,0.0005566944620924869
cat__City_Dinuba,0.0005530333309775869
cat__City_Palm Desert,0.000550863438879268
cat__City_Saint Helena,0.0005447396824727603
cat__City_Santa Cruz,0.0005399455139793854
cat__City_Chico,0.0005388712801700808
cat__City_Delhi,0.0005330184345936909
cat__City_Temecula,0.0005293076952553064
cat__City_Sherman Oaks,0.0005242758773230687
cat__City_Duarte,0.0005224959388388975
cat__City_Agoura Hills,0.0005205073603191403
cat__City_Santa Clara,0.0005192724435142206
cat__City_Rodeo,0.0005168604150195889
cat__City_Concord,0.0005135074344513538
cat__City_Indian Wells,0.0005133942544027344
cat__City_Crescent Mills,0.0005109481631990167
cat__City_La Puente,0.0005086642886376237
cat__City_Hydesville,0.0005045646291004025
cat__City_Greenwood,0.0005021220696684463
cat__City_Roseville,0.0005004739744077706
cat__City_Trinity Center,0.0004993119580267991
cat__City_Seeley,0.0004929554297518451
cat__City_Lompoc,0.0004895017374847707
cat__City_San Mateo,0.0004855050697185796
cat__City_West Covina,0.0004822940546815678
cat__City_Tarzana,0.00048219919133238445
cat__City_Acampo,0.000481814298457751
cat__City_Inglewood,0.0004813706936738443
cat__City_Olivehurst,0.0004804452984842867
cat__City_Bonsall,0.00047961434731916676
cat__City_Twain,0.0004730020957550448
cat__City_Alturas,0.0004726977596567293
cat__City_Seiad Valley,0.00047119781612734915
cat__City_Mountain View,0.000470180007080084
cat__City_Lathrop,0.0004689070568002193
cat__City_Angelus Oaks,0.0004665337053886278
cat__City_Ferndale,0.0004622378756106018
cat__City_Honeydew,0.000460212693798881
cat__City_Imperial Beach,0.0004557534082464481
cat__City_Wallace,0.0004539315851633357
cat__City_Stanton,0.0004499076276232708
cat__City_El Cajon,0.0004465177616098759
cat__City_Redwood City,0.00044615464881945453
cat__City_Los Alamos,0.00044559159948722696
cat__City_Johannesburg,0.00044449731091992243
cat__City_Korbel,0.0004429708664259178
cat__City_Oxnard,0.0004373941293978745
cat__City_Pope Valley,0.00043724406333983575
cat__City_Grizzly Flats,0.0004371399495404777
cat__City_Cupertino,0.00043302620446212815
cat__City_Clayton,0.00042716033358066016
cat__City_San Luis Obispo,0.00041738390146051345
cat__City_Hat Creek,0.0004139778233351342
cat__City_Biola,0.00041354496150302803
cat__City_Delano,0.0004132892089808248
cat__City_Vallecito,0.00041226707104750687
cat__City_Van Nuys,0.0004120221039552054
cat__City_San Jacinto,0.0004116667228946468
cat__City_Rowland Heights,0.0004109055513944579
cat__City_Adelanto,0.0004104272616664462
cat__City_South Lake Tahoe,0.0004099174022934992
cat__City_Tuolumne,0.00040943982248397415
cat__City_Elverta,0.00040297744890193743
cat__City_Yorba Linda,0.0004013242903827746
cat__City_Sylmar,0.00039995352525175093
cat__City_Hacienda Heights,0.00039894826184070633
cat__City_Orange,0.0003967729133617986
cat__City_Nipomo,0.00039618105829789684
cat__City_Culver City,0.0003956177852010137
cat__City_Exeter,0.0003951189126599007
cat__City_Rancho Cordova,0.0003948364744460284
cat__City_Myers Flat,0.0003944796992298774
cat__City_Redway,0.0003938780236142806
cat__City_Burbank,0.0003922505245707089
cat__City_Tollhouse,0.00038879990752212895
cat__City_Casmalia,0.00038876142157607483
cat__City_La Jolla,0.0003876191657152856
cat__City_Colton,0.0003854072027134291
cat__City_Miramonte,0.00038284114997909775
cat__City_Susanville,0.0003805732233741776
cat__City_Truckee,0.0003796223722969308
cat__City_North Hills,0.00037819055679761033
cat__City_Penryn,0.0003775562869941443
cat__City_Lodi,0.0003768109629486959
cat__City_Niland,0.00037584148865667976
cat__City_South Dos Palos,0.0003756789435337458
cat__City_Eldridge,0.00037460904146812324
cat__City_Ventura,0.00037429229184984315
cat__City_Bolinas,0.00037426823434016595
cat__City_Richgrove,0.00037414296329274244
cat__City_Tecopa,0.000372334617697794
cat__City_Lotus,0.00037128998249882407
cat__City_Anaheim,0.0003708153679048287
cat__City_Madera,0.0003687487798514869
cat__City_Cotati,0.00036495974357544003
cat__City_Termo,0.00036356917637348526
cat__City_Richmond,0.0003626554193497893
cat__City_North Palm Springs,0.0003624638490452676
cat__City_Lake Elsinore,0.0003617003925574332
cat__City_Emigrant Gap,0.0003615573831881223
cat__City_Lomita,0.0003606457190917891
cat__City_Reseda,0.0003603744549537401
cat__City_Atherton,0.0003601533294165581
cat__City_Strawberry Valley,0.0003588333874689731
cat__City_Pearblossom,0.00035862698306772685
cat__City_Avalon,0.0003553564530339307
cat__City_Alpaugh,0.0003548726911007908
cat__City_Stratford,0.0003531165291305387
cat__City_Cardiff By The Sea,0.0003518962035801028
cat__City_Annapolis,0.0003498353987061794
cat__City_Calistoga,0.00034972444210294067
cat__City_Encino,0.00034807051355373493
cat__City_Walnut,0.0003477290432617213
cat__City_Palm Springs,0.00034756934510235754
cat__City_Spring Valley,0.00034526442353953766
cat__City_Waterford,0.0003447439142786352
cat__City_Summerland,0.00034250226290133835
cat__City_Orangevale,0.0003407856798897131
cat__City_Port Costa,0.0003401397701057413
cat__City_Irvine,0.0003394924378780443
cat__City_Vallejo,0.0003385818417179182
cat__City_Travis Afb,0.00033759746099463437
cat__City_Julian,0.00033719021211927355
cat__City_San Gabriel,0.00033555055458026355
cat__City_Sausalito,0.0003329719184049196
cat__City_Lynwood,0.0003327346025238822
cat__City_Altadena,0.00033241627738145584
cat__City_Boulder Creek,0.0003321166143307761
cat__City_Bodfish,0.00032869332851698387
cat__City_Comptche,0.0003278449020172218
cat__City_Riverdale,0.00032693242086416485
cat__City_Adin,0.00032660757070191576
cat__City_Rancho Cucamonga,0.00032556641246730945
cat__City_Quincy,0.000320982320480843
cat__City_Desert Hot Springs,0.00031979436449277644
cat__City_La Mesa,0.00031914122695538786
cat__City_Walnut Creek,0.00031883001998622116
cat__City_Venice,0.0003179963143560951
cat__City_Elk,0.0003162993724205325
cat__City_San Rafael,0.0003123207617647974
cat__City_Lone Pine,0.00031226670496418946
cat__City_Thousand Oaks,0.0003117397612117431
cat__City_Ravendale,0.0003078615696201603
cat__City_Covina,0.0003077218283549259
cat__City_Rosemead,0.0003069116788872304
cat__City_Aguanga,0.000302125260934131
cat__City_Terra Bella,0.0003002442503503949
cat__City_Fairfield,0.00030000302572488687
cat__City_Carson,0.00029978022584331614
cat__City_Angels Camp,0.00029951284891125546
cat__City_La Quinta,0.00029929053570008885
cat__City_Redlands,0.0002953866142213619
cat__City_San Pedro,0.00029518934858891534
cat__City_Los Gatos,0.0002938529312734612
cat__City_Shasta,0.00029099092400593544
cat__City_Atwater,0.0002907840889720287
cat__City_Studio City,0.00028736881151038854
cat__City_Indio,0.00028660170542579416
cat__City_Hamilton City,0.000285877620545404
cat__City_Millbrae,0.0002844448385241466
cat__City_Lewiston,0.00028330474018593225
cat__City_Crockett,0.0002812398549451698
cat__City_Shaver Lake,0.00028116884407266993
cat__City_Pico Rivera,0.00028053601710005093
cat__City_Canoga Park,0.0002800445503438709
cat__City_Malibu,0.0002794902260716005
cat__City_Miranda,0.0002789106182064727
cat__City_Pleasant Grove,0.00027781493795837984
cat__City_Princeton,0.0002754876746066396
cat__City_Camarillo,0.0002748577796123119
cat__City_White Water,0.0002748447561397274
cat__City_Martinez,0.0002737316590244105
cat__City_Beaumont,0.0002729524648426498
cat__City_Lancaster,0.0002718560363541929
cat__City_Winnetka,0.00027098260437995116
cat__City_San Anselmo,0.0002709214835782339
cat__City_Hayfork,0.0002696111507072101
cat__City_Foothill Ranch,0.00026949492816998017
cat__City_Huntington Park,0.000268613110724837
cat__City_Mojave,0.00026835379782155165
cat__City_South Pasadena,0.00026805093098276525
cat__City_Solvang,0.00026803275949355135
cat__City_Mount Laguna,0.000267969775784825
cat__City_Half Moon Bay,0.00026752485741734025
cat__City_Novato,0.0002655822621109115
cat__City_Big Pine,0.0002636317408638825
cat__City_Badger,0.00026282176482821654
cat__City_Fulton,0.0002611075693068164
cat__City_Yuba City,0.0002588870730432726
cat__City_Inyokern,0.00025864865363584195
cat__City_Clovis,0.00025830459838688794
cat__City_West Point,0.00025752042944339183
cat__City_Beale Afb,0.000257146866941252
cat__City_Davenport,0.0002570692179879345
cat__City_Coronado,0.00025673372747045923
cat__City_Port Hueneme,0.0002557859923496387
cat__City_Rescue,0.0002547476419644188
cat__City_Mission Hills,0.00025449213927999844
cat__City_Guatay,0.0002535802361858545
cat__City_Wrightwood,0.0002535119065730202
cat__City_Perris,0.0002526620896410551
cat__City_Downey,0.00025171277349518947
cat__City_Fair Oaks,0.00025138555701139655
cat__City_Vista,0.0002513813754183158
cat__City_Turlock,0.00025113982589591437
cat__City_Challenge,0.0002500479418943254
cat__City_Etna,0.0002493272153211651
cat__City_Alpine,0.00024893416091954383
cat__City_Azusa,0.00024809680011107186
cat__City_Costa Mesa,0.00024801903515200613
cat__City_Alhambra,0.00024795952719439243
cat__City_Beverly Hills,0.00024749503411119816
cat__City_Valencia,0.00024477358736968224
cat__City_Buttonwillow,0.00024473338146427354
cat__City_Birds Landing,0.00024321235278014527
cat__City_Rough And Ready,0.00024254654926311023
cat__City_Green Valley Lake,0.00024227547907812208
cat__City_Hathaway Pines,0.00024118468746307285
cat__City_Somes Bar,0.00024110164644574646
cat__City_Homewood,0.00024083670952390832
cat__City_Camp Nelson,0.0002387392856174567
cat__City_Rio Oso,0.00023597377514320112
cat__City_Crescent City,0.00023588722121145367
cat__City_Hughson,0.0002358295869650594
cat__City_Rio Dell,0.0002356581554639821
cat__City_Oak Run,0.00023488655992329083
cat__City_San Leandro,0.00023482801550204268
cat__City_Escondido,0.0002340002186234149
cat__City_Sunnyvale,0.00023340520101562364
cat__City_South El Monte,0.0002329507387060841
cat__City_New Cuyama,0.0002322217780109594
cat__City_Larkspur,0.00023202685172225612
cat__City_Big Sur,0.00023195111727196746
cat__City_Boron,0.00023173899168170065
cat__City_Tipton,0.00023147735991392988
cat__City_Maricopa,0.0002303474079989972
cat__City_Compton,0.00023032371644606228
cat__City_Jamul,0.0002288973246591436
cat__City_Five Points,0.00022862705307494574
cat__City_Redondo Beach,0.00022723449340203338
cat__City_Seaside,0.00022602389741474446
cat__City_Trabuco Canyon,0.0002254839443503146
cat__City_Marina Del Rey,0.00022481318607111018
cat__City_Dublin,0.0002242871010502727
cat__City_Highland,0.00022367141233721357
cat__City_Paskenta,0.00022355594396598154
cat__City_Fellows,0.00022228463032793408
cat__City_San Marcos,0.000221463720349891
cat__City_Fort Jones,0.00022086811389931122
cat__City_Buena Park,0.0002205774598680313
cat__City_Live Oak,0.00022012491488692466
cat__City_Planada,0.00021972274592479643
cat__City_Pinole,0.0002189729158926859
cat__City_Plymouth,0.0002185791139992362
cat__City_Brawley,0.00021846229827464947
cat__City_Sonoma,0.00021843251812708945
cat__City_Moreno Valley,0.0002182868311691523
cat__City_Upland,0.00021799234048988232
cat__City_Valyermo,0.0002179476549810874
cat__City_Olema,0.00021785583361083678
cat__City_Blue Lake,0.00021775411535499315
cat__City_Twentynine Palms,0.00021724298326442835
cat__City_Blythe,0.0002170602316176829
cat__City_Tahoe Vista,0.0002158926217274013
cat__City_Bellflower,0.00021582251897902328
cat__City_Santa Paula,0.00021566997626649794
cat__City_Hood,0.00021557689882659503
cat__City_Fawnskin,0.00021500538416443498
cat__City_Camino,0.00021483817689735513
cat__City_Tahoma,0.00021469605716223258
cat__City_Healdsburg,0.00021420478050715897
cat__City_Caspar,0.0002136846284608858
cat__City_Murrieta,0.000213282028175018
cat__City_Bridgeville,0.0002127379295589069
cat__City_Ojai,0.00021240807599811086
cat__City_Gualala,0.00021237219890778977
cat__City_Homeland,0.0002121278485323974
cat__City_Coachella,0.00021038318240339043
cat__City_Lake City,0.00020993780668620917
cat__City_Edwards,0.00020969009367679417
cat__City_Angwin,0.00020897234521101858
cat__City_Sun City,0.0002070221696973186
cat__City_Cabazon,0.00020612141280737373
cat__City_Mendota,0.00020509885806071134
cat__City_Old Station,0.0002039759917167696
cat__City_Mather,0.00020380730540148873
cat__City_San Joaquin,0.0002029195993441739
cat__City_Livermore,0.0002016242978960165
cat__City_Corning,0.00020053582328969467
cat__City_Snelling,0.00019961161496684203
cat__City_Cathedral City,0.00019871664251719644
cat__City_Long Barn,0.0001985269686376389
cat__City_Belvedere Tiburon,0.00019760879812414677
cat__City_Manhattan Beach,0.00019742766402563327
cat__City_Alviso,0.0001973769309780575
cat__City_Chino,0.00019524350287519973
cat__City_Lucerne Valley,0.00019510346367086496
cat__City_Groveland,0.000193827078799608
cat__City_Moraga,0.00019357471831344856
cat__City_Hinkley,0.00019312355334456045
cat__City_Avery,0.0001931191241891259
cat__City_Dobbins,0.00019253803337824637
cat__City_Atascadero,0.00019204586902448967
cat__City_Pismo Beach,0.0001913345368735382
cat__City_Keene,0.00019133202231524427
cat__City_Jacumba,0.00019116249831557832
cat__City_San Martin,0.0001904321216489899
cat__City_Bonita,0.00019015370846823553
cat__City_Santa Maria,0.0001894201673496323
cat__City_Portola Valley,0.0001893272723918913
cat__City_Garden Grove,0.00018903018189249515
cat__City_Lindsay,0.00018863419048741813
cat__City_Friant,0.00018818517093810628
cat__City_Sierra Madre,0.00018796808894941717
cat__City_Cassel,0.00018718583811217355
cat__City_Woodacre,0.00018678426517675892
cat__City_Taft,0.000186756552850435
cat__City_Frazier Park,0.00018668976095128774
cat__City_Gridley,0.00018586337914084966
cat__City_Solana Beach,0.00018550496311282584
cat__City_Willows,0.00018463471919715353
cat__City_Laguna Beach,0.00018439770823543372
cat__City_Salinas,0.00018422759890066674
cat__City_Fontana,0.00018414191162001805
cat__City_Rio Nido,0.00018403604825207432
cat__City_Montebello,0.0001839723907029025
cat__City_Dunsmuir,0.00018394130830192082
cat__City_Gasquet,0.00018331576039171322
cat__City_Santa Clarita,0.00018309658803128314
cat__City_Corona,0.0001826285958653494
cat__City_Union City,0.0001824278703584988
cat__City_Folsom,0.00018203330025266424
cat__City_Palo Alto,0.00018134919753540587
cat__City_La Canada Flintridge,0.00018074249986583157
cat__City_Arcadia,0.00018066816869652397
cat__City_Heber,0.00018034051751133242
cat__City_Mountain Ranch,0.00017878440934453868
cat__City_Fort Bidwell,0.00017855153979185482
cat__City_Orosi,0.0001785050981422553
cat__City_Woodbridge,0.0001784008455029277
cat__City_Campbell,0.0001778378446468327
cat__City_Pinecrest,0.00017782201093256505
cat__City_Redding,0.00017760598341957597
cat__City_Paicines,0.00017753763258994873
cat__City_Witter Springs,0.00017710871078772353
cat__City_Del Mar,0.00017644716006273877
cat__City_Encinitas,0.00017507585505399474
cat__City_Shoshone,0.00017481581611393003
cat__City_Mira Loma,0.0001747004865730134
cat__City_Ukiah,0.00017413729880394983
cat__City_Loyalton,0.00017360835132412638
cat__City_Ridgecrest,0.0001734050434404391
cat__City_Eagleville,0.00017320692471256647
cat__City_Deer Park,0.00017316312870802375
cat__City_Meadow Vista,0.00017292310587215434
cat__City_Sierra City,0.0001726941610274409
cat__City_Ducor,0.00017206656665501505
cat__City_Raisin City,0.00017163097209096445
cat__City_Baker,0.00017003143422821563
cat__City_Valley Ford,0.0001695768967011833
cat__City_Apple Valley,0.00016893203226991425
cat__City_Davis Creek,0.000168599196027099
cat__City_La Palma,0.0001685376801669272
cat__City_Hermosa Beach,0.00016850158917989939
cat__City_Parker Dam,0.00016792684569756123
cat__City_Capistrano Beach,0.0001676842489191388
cat__City_Campo,0.00016719869461132066
cat__City_Glendora,0.0001669813916235874
cat__City_Salida,0.00016583758402366166
cat__City_Gardena,0.00016569102793758653
cat__City_Wasco,0.0001651017578892849
cat__City_Crestline,0.0001649572891525902
cat__City_Diamond Springs,0.00016429277558833638
cat__City_Ocotillo,0.000163695956376906
cat__City_Aptos,0.000163550550419831
cat__City_Arroyo Grande,0.00016344303251239256
cat__City_Pacoima,0.0001588325726799001
cat__City_Lemon Cove,0.00015815695955327452
cat__City_Cottonwood,0.00015720486708574436
cat__City_Freedom,0.00015687532951697485
cat__City_Mill Valley,0.00015666823254840856
cat__City_Yosemite National Park,0.00015487958019238138
cat__City_Olancha,0.00015421655010424966
cat__City_San Juan Capistrano,0.00015396604553068375
cat__City_Marshall,0.00015365512294873864
cat__City_Woodland Hills,0.00015264250248265543
cat__City_California City,0.00015264234166807372
cat__City_Woody,0.00015213229424345976
cat__City_Byron,0.00015205983553011278
cat__City_Forks Of Salmon,0.0001502264740613855
cat__City_Monrovia,0.00014954445959249727
cat__City_Phelan,0.0001480625562801407
cat__City_Burlingame,0.00014648128446788554
cat__City_Diamond Bar,0.00014589485343761976
cat__City_Big Bend,0.0001458001263090891
cat__City_Wilton,0.0001455879511414532
cat__City_Point Arena,0.0001454554667106958
cat__City_Chatsworth,0.00014502364757502245
cat__City_Sutter Creek,0.0001446255990142266
cat__City_San Lucas,0.00014450659778350878
cat__City_Palo Verde,0.0001442956806686332
cat__City_Landers,0.00014367100923523508
cat__City_Calexico,0.00014342025115323203
cat__City_Bloomington,0.00014293055270784365
cat__City_Santa Fe Springs,0.00014271287864298552
cat__City_Winterhaven,0.0001425766568120084
cat__City_Escalon,0.00014237348387287973
cat__City_Corte Madera,0.0001418201032334978
cat__City_Westlake Village,0.0001413096846469213
cat__City_Wendel,0.0001409361625229294
cat__City_Shafter,0.00014091382103537464
cat__City_Marina,0.00014061158544815847
cat__City_Prather,0.00014056500474958836
cat__City_Soulsbyville,0.00014018897480167034
cat__City_Olympic Valley,0.00013996890090531947
cat__City_Salyer,0.00013987772031946353
cat__City_Hemet,0.0001395709990308201
cat__City_Rialto,0.00013953071655650927
cat__City_Camptonville,0.00013931207396537763
cat__City_Rancho Santa Margarita,0.00013902586929938614
cat__City_Whitethorn,0.00013895902948383987
cat__City_Granite Bay,0.00013872854962335417
cat__City_Jackson,0.00013868081844207466
cat__City_Cantua Creek,0.0001385049524885052
cat__City_Weaverville,0.00013791925677278242
cat__City_Greenfield,0.00013775597127009965
cat__City_Randsburg,0.0001377492076379752
cat__City_Porter Ranch,0.0001373634821083477
cat__City_Columbia,0.00013680910813063007
cat__City_Orinda,0.00013679100872820906
cat__City_San Pablo,0.0001364936552613432
cat__City_Crows Landing,0.00013622968734357802
cat__City_Knights Landing,0.00013583375909191563
cat__City_Murphys,0.0001357547173217696
cat__City_Santee,0.00013565674221257165
cat__City_Branscomb,0.0001347099391190948
cat__City_Willits,0.00013442439246893746
cat__City_San Gregorio,0.00013397800543205138
cat__City_West Hills,0.00013369273568498302
cat__City_North Highlands,0.00013299388461874843
cat__City_Burney,0.00013180023252121992
cat__City_Tranquillity,0.0001317028395016924
cat__City_Hume,0.00013139878643752252
cat__City_Granada Hills,0.00013134849782381076
cat__City_La Habra,0.00013048767742247184
cat__City_Newport Beach,0.00012986941531709952
cat__City_Thousand Palms,0.00012928595438985293
cat__City_Covelo,0.00012919909497867676
cat__City_Jolon,0.00012904745010711106
cat__City_Nubieber,0.0001287926815205854
cat__City_Tahoe City,0.00012875641540204913
cat__City_Auburn,0.0001282992596100618
cat__City_Antelope,0.000128123547720453
cat__City_Morro Bay,0.0001275668975136163
cat__City_Oak Park,0.00012734662444684452
cat__City_Selma,0.0001263051304902503
cat__City_Nicasio,0.00012613201584645465
cat__City_Menifee,0.00012599325756055253
cat__City_Canby,0.00012580481011843417
cat__City_Rosamond,0.0001250667413707433
cat__City_Imperial,0.00012503971049318373
cat__City_Williams,0.00012449515266709963
cat__City_The Sea Ranch,0.00012424770520368545
cat__City_Jamestown,0.00012421098198770847
cat__City_Clearlake Oaks,0.00012395438014061908
cat__City_Sunland,0.00012376331905501498
cat__City_Carmel,0.00012321591983132315
cat__City_San Fernando,0.00012311312796762963
cat__City_Galt,0.00012191441515846387
cat__City_Igo,0.00012135877580498414
cat__City_Palo Cedro,0.00011846076496334645
cat__City_Ramona,0.00011826428267288108
cat__City_Lafayette,0.00011792340903661377
cat__City_Davis,0.00011761749476219135
cat__City_Yreka,0.0001175645501274098
cat__City_Thermal,0.00011730983810223102
cat__City_Rancho Mirage,0.00011709755165158846
cat__City_Glenhaven,0.00011616511839839713
cat__City_Saratoga,0.00011567244246090144
cat__City_Holtville,0.00011499838111673627
cat__City_Mineral,0.00011479894815195384
cat__City_Hickman,0.00011465086298394389
cat__City_Meridian,0.00011457579165762549
cat__City_Descanso,0.00011363270431121934
cat__City_Yorkville,0.00011341386368039468
cat__City_San Ysidro,0.00011324056202876162
cat__City_Sutter,0.00011180354848132436
cat__City_Winchester,0.00011167803276002821
cat__City_Victorville,0.0001115527845354836
cat__City_Silverado,0.00011105612207436455
cat__City_Helendale,0.00011098606115073713
cat__City_Dana Point,0.00011097118326078585
cat__City_Weott,0.00011069459102981062
cat__City_Loomis,0.00011054906806480104
cat__City_Petrolia,0.00011054896544531717
cat__City_Glen Ellen,0.00011051686874847845
cat__City_Mc Kittrick,0.00011043534098700229
cat__City_Meadow Valley,0.00011031802125175506
cat__City_Napa,0.00010991406625646602
cat__City_Winters,0.00010988029594611784
cat__City_Bodega Bay,0.00010968812831046407
cat__City_Lakeside,0.00010945887049491241
cat__City_Alderpoint,0.00010915407747567074
cat__City_Simi Valley,0.00010903383721055025
cat__City_Mentone,0.00010892236995339989
cat__City_Brownsville,0.00010857807836216283
cat__City_Tehachapi,0.00010719369811702434
cat__City_Grass Valley,0.0001065402983936706
cat__City_Klamath,0.00010622247888820546
cat__City_Twin Bridges,0.00010617821772906523
cat__City_Garden Valley,0.00010610181666969895
cat__City_Calpine,0.00010595689303645983
cat__City_Monterey Park,0.00010530597945989409
cat__City_March Air Reserve Base,0.0001053023276793617
cat__City_Fowler,0.00010503427095372571
cat__City_La Mirada,0.00010498438955629782
cat__City_Sanger,0.00010482262088307604
cat__City_Tehama,0.00010439116857538535
cat__City_South San Francisco,0.00010434031451295447
cat__City_Belmont,0.00010393712115803993
cat__City_Lebec,0.00010386355097210933
cat__City_Yucaipa,0.00010375259009040787
cat__City_Trinidad,0.00010375174996500469
cat__City_Armona,0.0001034172017509965
cat__City_Yermo,0.00010301671209265035
cat__City_Millville,0.00010299846908044413
cat__City_Earlimart,0.00010285053101681302
cat__City_Reedley,0.00010258802279213709
cat__City_National City,0.00010243963738257735
cat__City_Dixon,0.00010230445124952791
cat__City_Castro Valley,0.00010202445281838126
cat__City_Temple City,0.00010191838883138905
cat__City_Oakhurst,0.0001018027076195623
cat__City_Flournoy,0.00010120725544633036
cat__City_Somis,0.00010104019928943678
cat__City_Vina,0.0001008024152040837
cat__City_Mariposa,0.00010051199896139445
cat__City_Corona Del Mar,0.00010031627035667355
cat__City_Moorpark,0.00010027786775235032
cat__City_Northridge,0.00010013190364343907
cat__City_Ludlow,9.961246100761036e-05
cat__City_Lucerne,9.927875317421707e-05
cat__City_Ceres,9.794810531465757e-05
cat__City_Lawndale,9.791877637146747e-05
cat__City_Kernville,9.757028231804053e-05
cat__City_Farmersville,9.713504718702924e-05
cat__City_Newark,9.687877740567605e-05
cat__City_Newcastle,9.636235318728015e-05
cat__City_Blairsden Graeagle,9.62919594492797e-05
cat__City_Middletown,9.625793770116404e-05
cat__City_Herald,9.544002622111307e-05
cat__City_Merced,9.535982405308242e-05
cat__City_Pala,9.525201749827338e-05
cat__City_Coalinga,9.501394046431894e-05
cat__City_Colfax,9.474720974654991e-05
cat__City_Porterville,9.442504727066985e-05
cat__City_Big Oak Flat,9.432461930430107e-05
cat__City_Phillipsville,9.426977740562867e-05
cat__City_Linden,9.392839718009812e-05
cat__City_Daggett,9.3729271144341e-05
cat__City_Gilroy,9.37277917640404e-05
cat__City_Canyon Dam,9.318449553010781e-05
cat__City_Capitola,9.30723076060175e-05
cat__City_Dulzura,9.283334801312596e-05
cat__City_Butte City,9.232468652724791e-05
cat__City_Milpitas,9.19874251522799e-05
cat__City_Los Banos,9.177374506915732e-05
cat__City_Calabasas,9.175322377606793e-05
cat__City_Klamath River,9.157383443452781e-05
cat__City_Walnut Grove,9.074825146356306e-05
cat__City_San Lorenzo,9.061335839151282e-05
cat__City_Vacaville,9.058408845335528e-05
cat__City_Hornitos,9.00805746602927e-05
cat__City_Newhall,8.880256641500788e-05
cat__City_Bridgeport,8.87123388110299e-05
cat__City_Douglas City,8.787044675740281e-05
cat__City_Cutler,8.717707617735202e-05
cat__City_Felton,8.687027734832588e-05
cat__City_Glenn,8.659774401262802e-05
cat__City_Downieville,8.657227904841205e-05
cat__City_Castroville,8.64454820705592e-05
cat__City_Bayside,8.635995567553562e-05
cat__City_Brooks,8.57684985932448e-05
cat__City_Winton,8.569709068053422e-05
cat__City_Forbestown,8.568882031017176e-05
cat__City_Hawaiian Gardens,8.520917737792717e-05
cat__City_Westley,8.495711717096571e-05
cat__City_Rancho Santa Fe,8.476105433554345e-05
cat__City_Posey,8.389581173918051e-05
cat__City_Greenview,8.384281848966434e-05
cat__City_El Segundo,8.380405173500892e-05
cat__City_Grand Terrace,8.368503025839365e-05
cat__City_West Sacramento,8.340420970196047e-05
cat__City_Nice,8.326983722205434e-05
cat__City_Grimes,8.300599268398427e-05
cat__City_Albany,8.292027592807382e-05
cat__City_Fields Landing,8.281344710689717e-05
cat__City_Pollock Pines,8.252292198242157e-05
cat__City_Whitmore,8.252201203803385e-05
cat__City_Pioneer,8.250411795190652e-05
cat__City_Mecca,8.236845617613702e-05
cat__City_Pioneertown,8.179588682839902e-05
cat__City_La Verne,8.1300965314211e-05
cat__City_Lake Forest,8.088236628823212e-05
cat__City_Anderson,8.036150135455902e-05
cat__City_El Dorado,8.000977082838304e-05
cat__City_Pleasanton,7.985268654661347e-05
cat__City_Big Bear City,7.982445254722273e-05
cat__City_Blocksburg,7.951411444335444e-05
cat__City_Stevenson Ranch,7.950810461475033e-05
cat__City_Santa Ynez,7.895632171712318e-05
cat__City_Clipper Mills,7.892243307766623e-05
cat__City_Westwood,7.876639685078688e-05
cat__City_Ben Lomond,7.876368318525779e-05
cat__City_Guinda,7.867886953707403e-05
cat__City_Claremont,7.866019463381859e-05
cat__City_Pine Valley,7.851489358910813e-05
cat__City_Rancho Palos Verdes,7.84710207557859e-05
cat__City_Lake Hughes,7.804620524265899e-05
cat__City_Pleasant Hill,7.75844526875558e-05
cat__City_San Bruno,7.750809759475894e-05
cat__City_Essex,7.72984932937687e-05
cat__City_Manteca,7.718345103715113e-05
cat__City_Los Molinos,7.69552925081123e-05
cat__City_Patterson,7.687475263208893e-05
cat__City_Loma Mar,7.649217021112141e-05
cat__City_Santa Ysabel,7.648039588497184e-05
cat__City_Farmington,7.613543018358327e-05
cat__City_Hilmar,7.60305201305656e-05
cat__City_Burson,7.592169873543519e-05
cat__City_Tupman,7.580001063250131e-05
cat__City_Oakdale,7.541730001939222e-05
cat__City_Moss Beach,7.525887474265878e-05
cat__City_Scotia,7.516717014151215e-05
cat__City_Valley Center,7.496013683116696e-05
cat__City_Onyx,7.49246333638254e-05
cat__City_Mill Creek,7.477662790732977e-05
cat__City_Lincoln,7.469241191352225e-05
cat__City_Darwin,7.4383984626363e-05
cat__City_Willow Creek,7.428283220373803e-05
cat__City_Forestville,7.417469859925863e-05
cat__City_Cool,7.40280001070965e-05
cat__City_Carmichael,7.392655545034742e-05
cat__City_San Simeon,7.370936333954349e-05
cat__City_San Clemente,7.34748176573713e-05
cat__City_Shingle Springs,7.259664080381209e-05
cat__City_El Portal,7.247557566185247e-05
cat__City_Maxwell,7.213810584522963e-05
cat__City_Browns Valley,7.208386409999481e-05
cat__City_Albion,7.194924879750229e-05
cat__City_Los Osos,7.184246338502468e-05
cat__City_Courtland,7.169202125385159e-05
cat__City_Morgan Hill,7.13650136425904e-05
cat__City_Vernalis,7.133898219583664e-05
cat__City_Big Creek,7.124308728126016e-05
cat__City_Antioch,7.115779765935268e-05
cat__City_Harbor City,7.073980142143577e-05
cat__City_Lockwood,7.071603893854979e-05
cat__City_Aromas,7.058472273381659e-05
cat__City_Mount Shasta,7.054603031767364e-05
cat__City_Llano,7.043198222410563e-05
cat__City_Morongo Valley,7.040848184537841e-05
cat__City_Ranchita,7.031493517918228e-05
cat__City_Rio Linda,6.896731031293598e-05
cat__City_Sierraville,6.870102975880799e-05
cat__City_Glencoe,6.866356050939457e-05
cat__City_Borrego Springs,6.850698436492574e-05
cat__City_Citrus Heights,6.835540869868361e-05
cat__City_Strathmore,6.833700854033887e-05
cat__City_Squaw Valley,6.823468096666142e-05
cat__City_Three Rivers,6.817055661598001e-05
cat__City_Warner Springs,6.802963003018473e-05
cat__City_Clements,6.773867844988965e-05
cat__City_Kirkwood,6.76630485624792e-05
cat__City_Benicia,6.756825072269696e-05
cat__City_Pacific Palisades,6.720158984376825e-05
cat__City_Likely,6.702949102234622e-05
cat__City_Penngrove,6.633674620269127e-05
cat__City_Pescadero,6.618025309512314e-05
cat__City_Gonzales,6.612371764399328e-05
cat__City_Nevada City,6.532090180774402e-05
cat__City_Panorama City,6.520547470893892e-05
cat__City_Lytle Creek,6.475018835535052e-05
cat__City_Montara,6.451575597346108e-05
cat__City_Cerritos,6.401234574787255e-05
cat__City_Watsonville,6.344215154053489e-05
cat__City_Guadalupe,6.310763983616383e-05
cat__City_Elk Creek,6.304393774971444e-05
cat__City_El Sobrante,6.28993232214979e-05
cat__City_Midpines,6.279772751791943e-05
cat__City_French Gulch,6.247849427015083e-05
cat__City_Hercules,6.241139799929382e-05
cat__City_Ladera Ranch,6.219166569764387e-05
cat__City_Manchester,6.211884155462498e-05
cat__City_Philo,6.207826636909346e-05
cat__City_Jenner,6.176445830822447e-05
cat__City_Valley Village,6.173346812285135e-05
cat__City_Fallbrook,6.159593750823193e-05
cat__City_Hopland,6.155844142948018e-05
cat__City_El Cerrito,6.152764591300594e-05
cat__City_Samoa,6.0933222408585487e-05
cat__City_Bodega,6.0610208697430876e-05
cat__City_Biggs,6.0559226292546734e-05
cat__City_Wishon,6.025766749531491e-05
cat__City_Mcarthur,6.0245080567499744e-05
cat__City_Corcoran,6.000477787289666e-05
cat__City_Sun Valley,5.9772651472678785e-05
cat__City_San Miguel,5.9694102807818046e-05
cat__City_Le Grand,5.964813397227405e-05
cat__City_Stevinson,5.9386712502903937e-05
cat__City_Shandon,5.9184482915083784e-05
cat__City_Amador City,5.89576117465946e-05
cat__City_Bangor,5.8954194433143846e-05
cat__City_Durham,5.865331411595772e-05
cat__City_Tulare,5.8622440826726754e-05
cat__City_Forest Falls,5.848558083556566e-05
cat__City_Bishop,5.840718585149427e-05
cat__City_Piercy,5.825206647955093e-05
cat__City_Boulevard,5.811141930215436e-05
cat__City_Litchfield,5.811131742426055e-05
cat__City_Los Altos,5.802495081153368e-05
cat__City_Forest Ranch,5.782470640696702e-05
cat__City_Windsor,5.775559895630044e-05
cat__City_Sequoia National Park,5.7184210329002614e-05
cat__City_Fort Irwin,5.685651411369255e-05
cat__City_Ripon,5.6616058837697485e-05
cat__City_Anza,5.607136977448442e-05
cat__City_Mammoth Lakes,5.5880184772746454e-05
cat__City_Lee Vining,5.587815660848614e-05
cat__City_Tustin,5.5583441663197076e-05
cat__City_Rio Vista,5.514285836782964e-05
cat__City_Clearlake,5.513906678499492e-05
cat__City_Danville,5.5043155082200975e-05
cat__City_Lakeport,5.482872340347233e-05
cat__City_Playa Del Rey,5.478041564978083e-05
cat__City_French Camp,5.4607265163352e-05
cat__City_Dos Rios,5.422068853293898e-05
cat__City_Petaluma,5.4115828422143905e-05
cat__City_Montclair,5.395422804161758e-05
cat__City_Shingletown,5.375235345021109e-05
cat__City_Thornton,5.366002460964368e-05
cat__City_Dillon Beach,5.362271770863956e-05
cat__City_Carnelian Bay,5.360565520951482e-05
cat__City_Redcrest,5.338269861594956e-05
cat__City_Kerman,5.333802960299672e-05
cat__City_Navarro,5.332402234290841e-05
cat__City_Helm,5.319534740858745e-05
cat__City_Catheys Valley,5.308029563296284e-05
cat__City_Lookout,5.305386730968947e-05
cat__City_Garberville,5.290268925936991e-05
cat__City_Round Mountain,5.2715023422826097e-05
cat__City_Baldwin Park,5.2647996710373394e-05
cat__City_Weed,5.2636535088402544e-05
cat__City_Trona,5.2410524131256423e-05
cat__City_Kelseyville,5.239200616260532e-05
cat__City_Wofford Heights,5.2186868839918845e-05
cat__City_Artesia,5.212266389424734e-05
cat__City_Hesperia,5.151946079623872e-05
cat__City_Smartville,5.1387234869168115e-05
cat__City_Pacifica,5.108510772933664e-05
cat__City_Fillmore,5.0663193097461245e-05
cat__City_Vidal,5.063596128825833e-05
cat__City_Creston,5.038819516822196e-05
cat__City_Orange Cove,5.033346889218179e-05
cat__City_West Hollywood,5.0212204631926536e-05
cat__City_Sunol,5.008719741206152e-05
cat__City_Forest Knolls,4.977379839541949e-05
cat__City_Kettleman City,4.941528931821684e-05
cat__City_Avila Beach,4.931739638338051e-05
cat__City_Oregon House,4.872146995228051e-05
cat__City_Del Rey,4.8705249200423455e-05
cat__City_Placerville,4.853268248858976e-05
cat__City_Kingsburg,4.8383817140341876e-05
cat__City_Copperopolis,4.829302208728415e-05
cat__City_Ballico,4.816941770349473e-05
cat__City_Midway City,4.808045128454065e-05
cat__City_La Honda,4.8078556550749994e-05
cat__City_Carlotta,4.7400684685238844e-05
cat__City_Riverbank,4.699330490028372e-05
cat__City_Cedar Glen,4.693011008827349e-05
cat__City_Isleton,4.680126135979821e-05
cat__City_Lost Hills,4.633801445616774e-05
cat__City_Stinson Beach,4.624789125786366e-05
cat__City_Grover Beach,4.606980476888895e-05
cat__City_Monte Rio,4.5280145118699955e-05
cat__City_Tulelake,4.517131585496122e-05
cat__City_Paradise,4.5008067684138364e-05
cat__City_Coarsegold,4.498817286579417e-05
cat__City_Cayucos,4.463030632463678e-05
cat__City_Potrero,4.4590098647416656e-05
cat__City_Westmorland,4.4561922452351547e-05
cat__City_California Hot Springs,4.4183429927750756e-05
cat__City_Alleghany,4.4067426260643695e-05
cat__City_Yountville,4.3926863912377826e-05
cat__City_Alta,4.385194559432875e-05
cat__City_Coulterville,4.37019148748136e-05
cat__City_Point Reyes Station,4.361366339609235e-05
cat__City_Loleta,4.354015811906287e-05
cat__City_Mountain Center,4.3260058930249084e-05
cat__City_Scott Bar,4.323468228928053e-05
cat__City_Chowchilla,4.271047415333705e-05
cat__City_Cedarville,4.246788032804486e-05
cat__City_Kings Beach,4.241148251429349e-05
cat__City_Hawthorne,4.237258032685275e-05
cat__City_Madeline,4.218976482074064e-05
cat__City_Pixley,4.213912467186354e-05
cat__City_Big Bear Lake,4.132207532767272e-05
cat__City_Acton,4.099417169950262e-05
cat__City_Monterey,4.094351332681263e-05
cat__City_Greenville,4.081135164482063e-05
cat__City_Hollister,4.023628425050046e-05
cat__City_Sonora,4.023503891084515e-05
cat__City_Palos Verdes Peninsula,4.01324682789461e-05
cat__City_Orland,3.997678748703794e-05
cat__City_Pinon Hills,3.971022622499609e-05
cat__City_Chino Hills,3.958575494972971e-05
cat__City_Standish,3.939494438414417e-05
cat__City_Traver,3.90695076807926e-05
cat__City_Cloverdale,3.898592139190606e-05
cat__City_San Ramon,3.891308378145415e-05
cat__City_Applegate,3.866079210210699e-05
cat__City_La Grange,3.7804703964051744e-05
cat__City_King City,3.749698299517689e-05
cat__City_Alamo,3.730528742516824e-05
cat__City_Carpinteria,3.6891205155776905e-05
cat__City_Sunset Beach,3.6883854070038554e-05
cat__City_Hanford,3.68719483109449e-05
cat__City_Norwalk,3.6320325244009315e-05
cat__City_Fish Camp,3.6119198909985275e-05
cat__City_Campo Seco,3.605118283291899e-05
cat__City_Fountain Valley,3.596948023456946e-05
cat__City_El Centro,3.59181629806024e-05
cat__City_Cobb,3.555074445322914e-05
cat__City_El Dorado Hills,3.546928251536979e-05
cat__City_Lakeshore,3.5341969695811156e-05
cat__City_Mission Viejo,3.4094389283077435e-05
cat__City_Santa Margarita,3.3963236907625394e-05
cat__City_Montrose,3.336041164249802e-05
cat__City_Newberry Springs,3.319954036820847e-05
cat__City_La Crescenta,3.316814912911166e-05
cat__City_Westport,3.3161149266127416e-05
cat__City_Madison,3.265094701908002e-05
cat__City_Stirling City,3.243221423734136e-05
cat__City_Inverness,3.213601050628216e-05
cat__City_Idyllwild,3.212539463568678e-05
cat__City_Dos Palos,3.165038187098993e-05
cat__City_Moss Landing,3.16025406052138e-05
cat__City_Hornbrook,3.1457218925547864e-05
cat__City_Magalia,3.0896590181525914e-05
cat__City_Sultana,3.089235176166041e-05
cat__City_Richvale,3.086271144108639e-05
cat__City_Greenbrae,3.086203120264111e-05
cat__City_Benton,3.0455421077967862e-05
cat__City_Joshua Tree,3.0288546306193993e-05
cat__City_Firebaugh,3.0106267629271625e-05
cat__City_San Carlos,2.99729217524047e-05
cat__City_North San Juan,2.937554506760973e-05
cat__City_North Fork,2.926964693110096e-05
cat__City_Dorris,2.9174256296092214e-05
cat__City_Rocklin,2.889103458452708e-05
cat__City_O Neals,2.879219266772337e-05
cat__City_Caliente,2.8654216327629638e-05
cat__City_Surfside,2.8299412523526706e-05
cat__City_Volcano,2.821511367280539e-05
cat__City_Castella,2.797060993021123e-05
cat__City_Lemon Grove,2.7756007212722918e-05
cat__City_Capay,2.7500446001582472e-05
cat__City_San Juan Bautista,2.7476892141796327e-05
cat__City_Paynes Creek,2.734312000465353e-05
cat__City_Mount Hamilton,2.713392451249129e-05
cat__City_Mendocino,2.705010249813018e-05
cat__City_Westminster,2.6574820517626703e-05
cat__City_Red Bluff,2.6317859815159764e-05
cat__City_Newman,2.629489346299961e-05
cat__City_Berry Creek,2.575328587617045e-05
cat__City_Oro Grande,2.5499750593071117e-05
cat__City_Shasta Lake,2.5309051468004105e-05
cat__City_Weldon,2.526758383777193e-05
cat__City_Sheridan,2.523936213750754e-05
cat__City_Coleville,2.519743832907038e-05
cat__City_Penn Valley,2.514620865047739e-05
cat__City_Littlerock,2.5131561651722073e-05
cat__City_Graton,2.4978943763081692e-05
cat__City_Arbuckle,2.491103083615037e-05
cat__City_Herlong,2.4854426652269235e-05
cat__City_Bell,2.4469279103511843e-05
cat__City_Laguna Hills,2.4388725129036614e-05
cat__City_Brookdale,2.430741132004092e-05
cat__City_Platina,2.3962429874869857e-05
cat__City_Banning,2.3706071928746958e-05
cat__City_Nuevo,2.358317796706633e-05
cat__City_Lake Isabella,2.35080893053561e-05
cat__City_Grenada,2.3352848095192313e-05
cat__City_Caruthers,2.3334326193075606e-05
cat__City_Calimesa,2.2615968346324007e-05
cat__City_Doyle,2.2554105320298745e-05
cat__City_Laguna Niguel,2.2473599242537163e-05
cat__City_Auberry,2.2121005177744105e-05
cat__City_Kneeland,2.1965454003296794e-05
cat__City_Hyampom,2.1733595538407204e-05
cat__City_Big Bar,2.1553565394284405e-05
cat__City_Foresthill,2.143144316947538e-05
cat__City_Poway,2.12778802201705e-05
cat__City_Cressey,2.1092545832038348e-05
cat__City_Portola,2.070880818790034e-05
cat__City_Bethel Island,2.0484481754648427e-05
cat__City_Yucca Valley,2.0189967755125852e-05
cat__City_Janesville,1.9432003736425123e-05
cat__City_Calipatria,1.9306366019561246e-05
cat__City_Fall River Mills,1.9304591379272538e-05
cat__City_Livingston,1.8982853740138096e-05
cat__City_Orleans,1.8799934018055902e-05
cat__City_Canyon Country,1.8794409395267646e-05
cat__City_Chualar,1.8690988809332773e-05
cat__City_San Quentin,1.8685629624771636e-05
cat__City_South Gate,1.851302074779148e-05
cat__City_Montgomery Creek,1.8178151927267822e-05
cat__City_Kenwood,1.792412028080778e-05
cat__City_Fairfax,1.760794265994033e-05
cat__City_Soda Springs,1.7587769939112174e-05
cat__City_Ahwahnee,1.758465737586576e-05
cat__City_Guerneville,1.7506306605758945e-05
cat__City_Ione,1.750553177761916e-05
cat__City_Loma Linda,1.7505184128488172e-05
cat__City_Mt Baldy,1.7257577138490777e-05
cat__City_Eureka,1.6928488143413045e-05
cat__City_Pittsburg,1.6623450544905667e-05
cat__City_Sheep Ranch,1.6528162570360238e-05
cat__City_Rohnert Park,1.6510391277126797e-05
cat__City_Dutch Flat,1.6506536861684974e-05
cat__City_Markleeville,1.648120630649024e-05
cat__City_Brisbane,1.6338820834172624e-05
cat__City_Oroville,1.6224698181758815e-05
cat__City_Occidental,1.592086663262577e-05
cat__City_Wilseyville,1.5905842756761974e-05
cat__City_Marysville,1.5694358473726112e-05
cat__City_Pebble Beach,1.5688873673258183e-05
cat__City_Oak View,1.564860803882263e-05
cat__City_Geyserville,1.561043987471445e-05
cat__City_Taylorsville,1.5587921268258276e-05
cat__City_Esparto,1.5537736257418334e-05
cat__City_Pine Grove,1.5258098188617702e-05
cat__City_Wilmington,1.5236722358000004e-05
cat__City_Mount Hermon,1.507324894227421e-05
cat__City_Leggett,1.4854792823817936e-05
cat__City_Buellton,1.457173207697201e-05
cat__City_San Marino,1.4372388859152754e-05
cat__City_Upper Lake,1.4312820355813013e-05
cat__City_Lamont,1.4215991708255792e-05
cat__City_Milford,1.4183467793247631e-05
cat__City_Scotts Valley,1.3993119328526448e-05
cat__City_Fort Bragg,1.3812556049031639e-05
cat__City_Zenia,1.3611435798947948e-05
cat__City_Menlo Park,1.3593173530802124e-05
cat__City_Soledad,1.3591494094914303e-05
cat__City_Nicolaus,1.328374209200312e-05
cat__City_Oakley,1.310782969789188e-05
cat__City_Nipton,1.3025152539421291e-05
cat__City_Raymond,1.3016024732428916e-05
cat__City_Gold Run,1.2514283336303081e-05
cat__City_Los Alamitos,1.2425458181274182e-05
cat__City_Alameda,1.2400462260978561e-05
cat__City_Lake Arrowhead,1.2242400525103686e-05
cat__City_River Pines,1.2063773497192122e-05
cat__City_Ivanhoe,1.1903972939173525e-05
cat__City_Bieber,1.1899455137330015e-05
cat__City_Goodyears Bar,1.1751600340055996e-05
cat__City_Villa Park,1.1446419811016273e-05
cat__City_Newbury Park,1.1003260993393172e-05
cat__City_Independence,1.0843565482193329e-05
cat__City_Macdoel,1.0834209230357634e-05
cat__City_Stanford,1.0792040579563072e-05
cat__City_Weimar,1.0669195838534356e-05
cat__City_Laytonville,1.0498614904313501e-05
cat__City_Carmel Valley,1.036827248990297e-05
cat__City_Woodlake,1.0308090308496514e-05
cat__City_Boonville,1.0222719651912414e-05
cat__City_Lagunitas,9.57068383659515e-06
cat__City_Tecate,9.242731526486071e-06
cat__City_Mc Farland,9.191141204197636e-06
cat__City_Echo Lake,8.987526412786368e-06
cat__City_Needles,8.957951741566641e-06
cat__City_Somerset,8.824907231765302e-06
cat__City_Sebastopol,8.669599427567939e-06
cat__City_Laton,8.629454011615681e-06
cat__City_June Lake,8.577374372916046e-06
cat__City_Cypress,8.295355338576349e-06
cat__City_Hoopa,8.267613881880399e-06
cat__City_Topanga,8.121335396392265e-06
cat__City_Suisun City,8.03370183142031e-06
cat__City_Bella Vista,7.622217641666555e-06
cat__City_Keeler,7.595003395273741e-06
cat__City_Maywood,7.502421283350951e-06
cat__City_Death Valley,7.371727567934329e-06
cat__City_Sugarloaf,7.321965891765042e-06
cat__City_Pacific Grove,7.248378664584772e-06
cat__City_Lakehead,7.0333693333327526e-06
cat__City_Gazelle,6.730764980388852e-06
cat__City_Junction City,6.69564720486913e-06
cat__City_Paramount,6.678907132886495e-06
cat__City_San Andreas,6.589984225140563e-06
cat__City_Cambria,6.467676702958447e-06
cat__City_Denair,6.285592375720588e-06
cat__City_Burnt Ranch,6.157389513455551e-06
cat__City_Aliso Viejo,5.985011577850182e-06
cat__City_Los Olivos,5.958846665047249e-06
cat__City_Barstow,5.802290704910897e-06
cat__City_Salton City,5.513207058258555e-06
cat__City_Mccloud,5.3865358567656725e-06
cat__City_Mi Wuk Village,5.379299508738675e-06
cat__City_San Geronimo,4.677223306466281e-06
cat__City_Goleta,4.633377623529116e-06
cat__City_Tracy,4.484571678616065e-06
cat__City_Fortuna,4.368860603882128e-06
cat__City_San Ardo,4.179469021600762e-06
cat__City_Keyes,4.071096960967449e-06
cat__City_Colusa,3.874924629384275e-06
cat__City_Bass Lake,3.735980416291246e-06
cat__City_Arcata,3.66324335008559e-06
cat__City_Georgetown,3.597898441368166e-06
cat__City_Kyburz,3.597122008746591e-06
cat__City_Parlier,3.3929984242530072e-06
cat__City_Manton,3.246216219013008e-06
cat__City_Lockeford,3.238670585415997e-06
cat__City_Springville,3.205979707274909e-06
cat__City_Clio,3.2051229713867125e-06
cat__City_Gustine,2.9717679529183064e-06
cat__City_Wheatland,2.7460403484770704e-06
cat__City_Stonyford,2.611481674489847e-06
cat__City_Fiddletown,2.3851327126567533e-06
cat__City_Mokelumne Hill,2.310214673241346e-06
cat__City_Soquel,2.2226224112401798e-06
cat__City_Orick,1.9337604917044116e-06
cat__City_Little River,1.9139708737703806e-06
cat__City_Sloughhouse,1.8965537029461984e-06
cat__City_Chester,1.8839515674106857e-06
cat__City_Placentia,1.7561276254342399e-06
cat__City_Glennville,1.7510410650671268e-06
cat__City_Castaic,1.6960192459957878e-06
cat__City_Lower Lake,1.688720132361229e-06
cat__City_Tomales,1.633953591516832e-06
cat__City_Potter Valley,1.3975800924507634e-06
cat__City_Palermo,1.270122124235939e-06
cat__City_Redwood Valley,1.2659785276622726e-06
cat__City_Huron,1.157674911080076e-06
cat__City_Wildomar,1.0162828075353607e-06
cat__City_Spreckels,9.431627540631714e-07
cat__City_Mad River,9.223795846683785e-07
cat__City_Duncans Mills,9.130951984426821e-07
cat__City_Paso Robles,8.414574822527557e-07
cat__City_Washington,8.293864184214663e-07
cat__City_Arvin,6.990379238820727e-07
cat__City_Earp,6.752940801769072e-07
cat__City_Arnold,5.712411183945468e-07
cat__City_Twain Harte,5.526241856899268e-07
cat__City_Chilcoot,5.374023917446676e-07
cat__City_Brentwood,5.010871910524063e-07
cat__City_Carmel By The Sea,3.6792940023983937e-07
cat__City_Elmira,2.917838570331826e-07
cat__City_Gerber,2.3512493011106552e-07
cat__City_Valley Springs,1.8680693303386362e-07
cat__City_Topaz,1.1493517327895938e-07
cat__City_Callahan,1.1315540053541631e-07
cat__City_Newport Coast,9.55245470585716e-08
cat__City_El Nido,5.953530776016859e-08
cat__City_Norco,5.915776538496551e-08
cat__City_Dunlap,1.8297244226363593e-08
